<?xml version="1.0" encoding="UTF-8" ?>
<!DOCTYPE mapper
  PUBLIC "-//mybatis.org//DTD Mapper 3.0//EN"
  "http://mybatis.org/dtd/mybatis-3-mapper.dtd">

<mapper namespace="com.mycompany.myapp.dao.ExampleMapper">

	<select id="getBoardList" resultType="board">
		SELECT
			boardNum,
			title,
			writer,
			TO_CHAR(indate, 'YYYY-MM-DD') as indate
		FROM
			board_table
		ORDER BY
			boardNum DESC
	</select>
	
	<select id="getBoard" parameterType="int" resultType="board">
		SELECT
			boardNum,
			title,
			writer,
			content,
			TO_CHAR(indate, 'YYYY-MM-DD') as indate
		FROM
			board_table
		WHERE
			boardNum = #{boardNum}
	</select>
	
	<select id="getReplyList" parameterType="int" resultType="reply">
		SELECT
			replyNum,
			writer,
			TO_CHAR(indate, 'YYYY-MM-DD') as indate,
			content
		FROM
			reply_table
		WHERE
			boardNum = #{boardNum}
		ORDER BY
			replyNum DESC
	</select>
	
	<insert id="writeReply" parameterType="reply">
		INSERT INTO
			reply_table
		VALUES (
			reply_seq.NEXTVAL,
			#{boardNum},
			#{writer},
			SYSDATE,
			#{content}
		)
	</insert>
	
</mapper>
